BusinessID,SupplierID,Quality,Serviceability,Communicativeness,Reputation,Financial Condition,Condition of Supplier's Assets,Price,Delivery Time
1,14,10,3.74,1.88,7.16,5.46,1.31,78,17
1,40,2,4.83,2.87,6.11,5.05,4.56,14,16
1,31,7,5.69,9.65,8.6,6.28,9.69,60,28
1,46,1,1.14,4.81,4.55,2.79,7.4,35,1
1,18,7,6.86,9.23,8.65,4.34,7.02,37,3
1,49,1,4.45,9.75,8.64,3.3,1.36,79,15
1,27,3,1.28,6.73,3.83,3.24,4.69,43,29
1,26,3,2.45,9.37,8.27,8.23,2.68,30,11
1,33,9,3.86,1.99,3.05,8.75,1.06,72,27
1,20,1,2.08,4.04,9.49,7.33,4.27,58,20
2,36,9,7.22,4.48,9.43,2.02,9.32,94,10
2,7,10,9.84,5.65,3.35,6.02,8.94,9,9
2,30,3,8.71,4.64,8.99,8.07,7.02,99,16
2,15,9,1.05,2.45,5.94,3.02,7.41,33,14
2,14,8,6.85,8.64,6.92,4.31,3.39,30,6
2,8,6,9.15,4.91,4.15,8.78,3.07,48,19
2,21,1,9.95,5.23,3.52,9.58,3.98,46,21
2,13,1,1.68,3.75,2.72,4.35,4.55,54,26
2,10,8,2.88,7.04,4.23,3.9,8.64,9,11
2,31,10,8.28,8.29,8.8,5.51,8.18,65,8
3,24,5,6.51,4.78,3.23,1.13,2.04,69,15
3,47,4,2.58,1.15,7.87,5.18,6.85,10,22
3,36,4,4.37,6.63,5.53,2.47,1.64,2,17
3,7,2,6.16,2.16,8.3,8.38,6.86,43,12
3,41,2,1.35,6.56,4.03,7.13,4.07,7,4
3,29,8,7.62,8.23,3.54,8.26,9.91,36,18
3,11,8,8.8,6.06,3.15,3.14,4.4,62,20
3,26,3,4.5,1.1,9.15,9.55,9.56,83,26
3,44,5,3.64,3.96,7.05,8.11,1.82,42,26
3,45,10,4.97,8.99,4.16,7.85,6.56,7,14
4,15,5,1.39,9.32,9.27,1.68,2.5,49,14
4,39,5,7.27,4.46,7.63,1.52,4.55,24,28
4,28,4,5.17,4.18,6.25,9.88,7.28,17,9
4,36,3,8.4,9.55,7.53,9.39,8.79,5,23
4,48,2,9.89,2.35,6.35,8.58,8.54,98,9
4,47,5,1.51,8.78,8.32,6,7.92,37,10
4,35,5,5.05,2.16,9.59,7.05,6.56,92,8
4,11,2,5.29,8.48,3.77,1.8,8.13,17,16
4,45,5,6.58,7.34,2.92,4.16,6.31,30,15
4,14,2,4.13,5.63,8.05,8.76,9.55,4,10
5,44,10,8.81,1.76,6.38,9.32,3.13,28,23
5,47,10,1.33,3.27,7.42,5.79,1.96,38,3
5,36,9,7.64,2.64,6.08,5.82,3.1,13,20
5,22,3,6.84,5.32,6.26,6.28,6.08,42,9
5,39,10,6.47,3.2,5.48,1.07,3.03,70,23
5,50,8,9.07,1.72,5.72,2.01,4.58,92,11
5,37,1,5.42,7.51,8.39,5.29,8.55,5,6
5,7,3,2.8,7.63,5.77,1.79,5.55,77,11
5,38,2,5.09,5.94,5.94,1.79,2.25,73,17
5,17,8,6.45,8.15,1.96,4.68,9.4,75,9
6,46,10,2.25,8.15,6.58,8.1,2.37,97,29
6,44,1,1.3,6.13,7.86,8.39,2,88,20
6,31,5,5.38,4.68,7.95,6.09,7.45,27,5
6,28,8,6.25,4.61,5.16,6.28,5.55,89,1
6,20,4,9.27,8.11,1.21,4.37,1.62,51,29
6,12,6,9.2,2.11,3.12,8.54,3.99,54,23
6,3,5,4.41,7.7,2.85,2.03,4.73,90,11
6,17,2,5.33,9.27,6.28,3.23,6.2,52,6
6,47,1,8.02,3.5,2.98,9.78,5.13,20,22
6,36,8,5.52,6.36,1.6,9.08,2.85,29,17
7,24,7,9.07,1.12,1.77,2.63,6.25,60,18
7,25,5,4.08,3.33,4.42,6.62,4.68,94,9
7,31,3,9.54,7.87,2.26,9.05,8.2,81,18
7,35,9,5.87,6.7,3.32,9.86,5.73,98,23
7,9,2,5.77,8.34,5.48,5.48,7.48,86,21
7,49,6,7.59,3.26,6.7,8.54,4.64,62,26
7,11,6,7.64,1.75,6.43,3.6,4.2,59,7
7,6,7,6.97,9.43,7.59,3.36,6.36,81,27
7,33,9,7.94,1.96,1.68,7.2,4.91,39,3
7,13,3,3.45,6.31,4.25,2.23,9.55,55,17
8,28,8,3.07,2.09,1.69,7.52,1.59,15,24
8,5,6,3.87,6.63,8.97,1.22,8.83,30,27
8,1,2,9.45,8.19,9.98,4.62,5.32,57,16
8,40,9,4.03,5.7,7.59,3.67,8.68,18,5
8,36,5,9.89,4.85,4.46,9.55,8.08,43,28
8,48,8,5.21,6.52,2.5,9.48,6.85,74,11
8,46,9,2.68,8.02,4.15,8.95,9.35,61,27
8,27,2,7.26,2.39,8.34,5.83,6.34,14,5
8,35,8,3.39,2.17,9,8.29,6.9,5,11
8,4,6,3.34,7.51,5.46,7.15,1.69,81,18
9,42,6,3.55,1.17,4.89,2.62,7.78,22,4
9,49,1,7.94,7.38,5.26,8.67,9.91,47,29
9,8,7,1.59,8.39,4.35,1.01,2.43,98,29
9,32,9,2.47,8.15,7.24,7.12,6.89,27,3
9,47,8,4.89,9.49,4.78,3.47,9.86,1,26
9,17,3,1.28,6.87,4.32,9.71,2.67,17,29
9,15,2,7.85,6.64,2.18,6.55,8.17,25,14
9,41,4,4.87,2.8,5.42,3.42,8.18,11,13
9,9,2,7.12,4.56,9.77,7.81,9.57,41,8
9,1,8,2.31,1.93,6.14,2.89,4.11,40,18
10,19,10,3.96,5.23,7.7,1.39,2.46,70,18
10,40,8,9.77,6.85,2.8,1.28,3.32,76,17
10,24,10,7.68,4.83,4.11,1.36,8.8,96,9
10,1,4,8.86,9.11,4.8,9.21,2.9,18,8
10,5,3,7.98,4.65,6.42,5.61,4.72,38,13
10,43,8,6.21,6.96,1.86,4.59,8.72,5,1
10,17,10,1.66,2.53,5.68,4.88,3.24,43,12
10,14,6,2.51,1.33,7.63,8.6,8.25,28,15
10,49,4,3.43,1.51,5.78,2.1,5.07,59,5
10,45,10,4.58,5.32,7.17,9.76,6.22,56,15
11,24,9,1.81,3.6,1.98,9.33,4.94,98,18
11,48,3,8.82,4.38,3.67,6.67,6.49,15,21
11,28,9,6.37,5.91,5,2.52,6.78,66,14
11,50,10,9.56,8.62,9.23,2.34,5.74,79,12
11,7,7,8.32,7.46,9.6,1.07,6.83,15,25
11,46,4,9.41,4.16,1.91,3.56,3.77,28,3
11,6,2,4.6,9.79,8.41,8.73,8.2,31,7
11,49,10,2.67,9.26,4.82,4.36,5.74,47,27
11,2,6,5.64,6.34,8.14,4.25,9.15,24,16
11,31,5,3.72,7.59,8.66,7.9,2.35,55,18
12,40,8,4.3,4.09,6.55,7.03,1.63,32,21
12,20,3,5.8,3.92,4,6.96,6.02,98,23
12,47,6,6.06,9.62,2.58,5.82,1.87,55,16
12,1,8,8.16,9.34,3.11,9.93,9.34,65,25
12,16,6,3.31,8.09,8.78,2.43,1.57,36,1
12,42,2,4.43,4.12,3.15,3.52,9.48,82,23
12,24,6,6.1,4.52,5.51,6.65,7.07,30,14
12,5,7,3.74,1.73,4.63,4.11,9.78,10,25
12,19,6,3.82,6.46,2.25,3.86,9.58,6,25
12,6,8,5.3,5.55,3.09,2.1,6.35,31,14
13,22,3,4.31,4.73,8.45,1.1,4.75,91,21
13,27,5,7.84,2.23,5.82,3.17,9.78,82,5
13,17,1,1.99,5.93,5.09,5.39,2.35,52,16
13,48,9,6.53,8.74,4.53,1.92,6.93,41,1
13,39,1,8.57,1.35,9.12,6.93,9.06,72,17
13,40,7,5.67,2.35,7.64,1.38,1.76,43,1
13,37,3,1.11,9.61,7.64,4.15,7.97,7,19
13,26,5,5.95,8.47,1.62,5.63,9.09,8,8
13,50,2,1.09,3.3,3.35,5.3,9.06,10,21
13,36,6,5.37,9.28,5.69,1.39,2,18,23
14,4,7,6.19,8.89,4.9,8.31,7.68,3,1
14,19,10,6.92,3.8,7.68,7.19,4.38,9,20
14,9,10,1.32,7.71,2.82,3.94,2.34,70,24
14,10,4,4.47,6.79,8.02,6.97,1.02,21,10
14,17,9,4.49,4.62,8.87,1.94,3.03,4,24
14,34,2,6.42,1.21,3.9,7.26,7.71,58,6
14,16,3,4.96,2.33,3.95,2.99,6.38,47,11
14,39,1,4.79,6.73,8.07,8.56,4.45,9,26
14,1,10,4.01,1.24,1.22,5.66,3.69,19,10
14,5,3,4.39,5.16,5.33,7.35,6.68,39,18
15,27,7,4.54,8.45,8.09,9.82,2.3,87,26
15,33,3,3.78,9.52,9.71,7.48,4.76,71,22
15,15,8,2.03,8.74,7.51,5.89,1.74,70,2
15,32,5,9.51,8.65,7.02,6.86,5.91,88,15
15,3,10,9.8,8.15,5.48,5.9,7.83,86,15
15,47,4,8.84,3.15,5.06,1.24,1.59,3,8
15,8,3,1.95,6.91,8.4,9.68,2.83,74,8
15,26,5,3.81,6.78,2.76,5.03,6.02,2,7
15,23,2,2.52,5.56,6.38,7.59,8.38,4,6
15,34,9,8.23,5.55,9.7,7.01,6.71,4,28
16,41,3,1.28,7.65,1.96,7.14,2.5,20,28
16,8,7,1.69,4.06,8.8,1.62,7.87,53,14
16,13,1,7.89,8.1,6.98,7.04,6.04,91,2
16,14,4,4.43,2.16,4.71,1.16,4.79,14,26
16,50,9,3.63,9.2,7.79,9.67,7.54,19,15
16,45,5,5.87,1.87,3.18,3.71,6.39,99,9
16,40,9,1.43,9.13,8.67,9.03,2.67,55,16
16,43,3,3.41,8.1,6.16,2.98,5.4,73,29
16,39,1,1.58,9.6,1.23,9.2,5.18,15,9
16,7,6,6.46,6.68,6.33,5.61,1.94,22,12
17,29,6,9.39,4.57,1.78,4.11,5.57,41,7
17,20,3,5.06,9.36,2.49,8.94,7.04,12,29
17,11,7,9.59,7.49,8.77,8.47,1.37,84,18
17,9,1,5.11,4.32,2.09,1.64,1.72,15,9
17,21,9,6.82,8.99,6.39,2.04,2.39,3,20
17,5,2,5.77,8.46,9.92,5.79,5.04,55,13
17,7,5,8.27,2.94,5.2,4.49,8.67,36,3
17,49,5,8.76,6.31,3.04,6.21,7.83,23,8
17,35,10,4.33,1.25,4.54,2.49,6.81,37,24
17,4,4,4.06,5.66,4.41,8.13,6.36,38,5
18,25,7,4.96,3.72,3.33,4.08,3.43,44,11
18,40,1,6.22,2.25,5,4.62,9.94,82,8
18,50,10,5.15,7.58,2.33,9.16,2.19,91,21
18,7,6,2.18,8.11,2.12,8.89,9.5,17,19
18,2,4,8.77,6.3,4.38,7.86,4.48,75,25
18,20,3,9.05,5.1,4.99,8.26,5.29,73,8
18,8,1,3.69,3.16,3.81,9.74,2.99,80,18
18,16,3,7.23,2.21,3.69,3.51,2.9,57,15
18,36,8,9.95,1.81,1.02,6.7,1.62,13,8
18,33,9,7.9,8.61,6.52,1.7,4.67,30,6
19,20,4,7.14,3.18,7.43,5.97,5.68,77,27
19,10,7,2.43,8.94,8.41,4.62,1.92,93,26
19,4,6,9.06,6.25,5.2,1.74,9.38,65,11
19,11,2,3.82,8.1,9.03,4.4,9.68,37,17
19,29,1,9.37,8.6,7.08,8.88,2.65,24,12
19,43,9,3.68,1.95,8.04,4.24,9.61,28,9
19,6,2,6.71,7.94,1.03,5.97,4.74,2,16
19,44,6,8.92,2.94,7.1,2.23,6.86,18,3
19,18,5,7.14,5.21,6.21,7,8.41,54,10
19,12,5,7.19,3.18,9.2,9.54,1.28,3,15
20,2,9,9.44,6.43,5.26,6.24,9.91,5,24
20,19,6,4.29,3.03,2.76,8.03,6.2,11,13
20,10,4,4.49,7.07,3.34,3.61,5.23,47,9
20,39,1,9.38,5.48,3.07,3.72,7.85,96,29
20,22,5,6.59,9.36,7.85,5.13,6.05,6,29
20,33,1,2.23,9.95,5.75,1.98,6.73,48,24
20,5,9,2.97,5.13,9.27,1.12,1.13,29,27
20,50,5,9.58,9.7,4.54,3.79,3.09,43,7
20,14,8,7.87,8.7,6.43,4.39,5.97,43,21
20,18,2,5.63,8.27,3.28,9.05,1,9,22
21,16,3,2.29,4.87,9.13,7.87,8.41,84,15
21,36,8,2.68,3.98,8.7,1.62,9.47,37,1
21,12,8,1.43,7.54,7.97,5.64,5.17,53,24
21,24,5,7.89,1,4.75,9.76,3.04,38,21
21,22,3,1.47,2.72,3.79,4.74,7.83,58,18
21,46,9,3.28,3.44,2.13,4.65,2.98,22,21
21,45,1,4.43,4.73,7.78,5.66,3.42,96,10
21,40,4,9.54,6.69,2.17,7.38,2.55,81,9
21,28,8,2.62,1.88,8.23,8.65,4.1,34,27
21,37,6,4.02,9.81,8.71,6.06,9.52,65,17
22,15,8,9.42,8.66,9.84,2.47,2.68,12,21
22,27,1,9.41,4.87,8.9,4.2,1.76,19,22
22,39,7,9.5,6.78,7.04,4.77,7.76,20,29
22,48,9,9.82,1.61,5.67,2.02,4.63,69,18
22,26,1,4.12,4.58,3.38,3.42,3.59,74,6
22,28,7,1.69,1.68,9.56,6.39,6.61,66,21
22,23,6,3.26,7.08,7.36,3.44,6.38,29,4
22,22,9,2.39,9.5,7.63,6.29,7.31,25,13
22,2,4,9.43,5.88,9.46,6.56,7.65,6,16
22,7,2,7.69,3.94,9.01,8.75,8.36,73,27
23,15,9,1.32,8.09,4.7,8.5,5.49,37,15
23,48,6,8.07,6.39,2.81,5.23,1.25,92,15
23,2,6,6.9,3.34,2.44,2.67,6.98,71,3
23,31,3,1.99,3.6,3.79,5.82,4.21,63,26
23,29,7,9.58,3.94,4.19,8.89,1.92,9,6
23,24,7,2.74,8.73,7.09,7.74,4.95,86,9
23,12,7,2.61,7.25,3.07,1.02,7.47,6,12
23,7,6,1.75,1.17,2.49,4.19,1.95,36,2
23,38,7,1.52,4.52,3.11,6.55,6.01,47,1
23,25,3,7.27,7.32,2.55,8.83,6.68,48,15
24,8,2,1.6,8.9,4.5,1.6,6.83,45,18
24,32,6,4.9,9.97,6.03,4.15,4.35,59,23
24,31,4,1.41,4.15,9.36,8.58,4.36,31,28
24,4,9,6.23,4.83,5.93,7.1,7.83,99,5
24,23,7,6.96,4.12,4.52,6.45,4.9,90,4
24,6,6,7.82,3.76,4.73,6.3,2.67,59,2
24,43,10,5.56,2.69,1.69,8.4,6.94,96,17
24,10,3,9.45,6.73,3.92,7.25,2.97,7,22
24,18,4,5.15,9.85,8.08,2.36,2.96,37,22
24,37,3,8.42,6.67,8.72,2.81,5.63,29,7
25,25,3,4.98,7.37,4.5,9.35,9.36,55,28
25,18,5,9.96,9.83,6.85,6.34,1.48,11,29
25,34,6,4.36,9.48,2.51,7.27,6.84,74,22
25,1,7,6.39,2.61,7.35,8.54,2.53,20,18
25,43,8,8.23,9.65,5.82,2.38,6.15,66,4
25,50,8,1.85,6.35,7.32,9.24,6.55,55,16
25,49,7,5.51,9.79,7.15,8.96,2.13,51,20
25,9,7,6.57,9.47,7.98,4.92,4.56,17,10
25,5,2,1.64,2.9,3.06,1.91,2.51,84,3
25,36,8,2.03,1.08,2.4,2.98,1.18,10,7
26,46,5,5.4,7.67,5.43,4.25,8.74,18,16
26,35,9,5.62,9.13,9.01,7.63,5.62,14,22
26,15,6,2.18,8.69,2.49,4.66,9.13,96,29
26,44,8,4.34,8.07,3.28,4.04,7.57,93,5
26,39,9,3.27,5.68,5.7,6.61,6.4,49,20
26,19,4,5.12,4.16,1.84,1.36,3.62,8,27
26,48,7,1.06,7.95,7.32,5.62,7.34,13,18
26,27,2,2.54,1.27,2.84,6.54,9.2,74,12
26,7,4,3.51,8.68,9.36,7.78,2.94,32,15
26,21,9,6.47,3.53,2.56,4.53,7.76,43,17
27,30,8,5.87,9.86,9.45,2.48,3.16,56,12
27,25,9,9.22,2.7,1.05,6.83,3.46,83,3
27,41,1,1.06,2.91,6.97,8.96,9.06,87,4
27,27,1,4.96,7.57,9.46,8.4,2.56,97,20
27,14,10,3.7,6.36,4.9,5.92,9.12,47,23
27,12,3,6.1,6.91,9.09,1.1,8.44,61,5
27,44,7,4.25,1.83,6.27,8.05,7.3,51,11
27,26,8,3.67,9.44,8.37,9.73,4.88,34,23
27,15,1,5.12,3.04,6.53,4.23,8.41,81,22
27,3,8,2.42,1.47,6.02,4.23,9.22,35,14
28,49,4,4.72,7.08,6.92,2.64,2.41,92,16
28,37,10,2.51,8.91,6.01,7.58,9.62,45,2
28,40,3,4.42,3.85,3.57,1.39,8.03,39,28
28,2,7,8.5,5.86,8.6,9.24,3.26,18,15
28,43,5,9.11,2.94,8.96,7.42,7.27,63,4
28,1,5,8.71,8.38,4.97,6.57,5.09,3,9
28,9,2,2.08,9.45,2.63,3.76,5.92,30,25
28,38,9,8.17,7.52,7.21,1.47,2.44,48,2
28,21,5,8.51,9.77,2.22,9.34,4.78,54,27
28,8,3,4.54,1.26,6.25,3.76,1.36,76,28
29,38,4,4.67,2.13,2.54,4.04,8.23,43,22
29,50,4,9.06,3.68,3.07,7.05,8.43,9,4
29,1,4,6.91,5.82,1.74,1.27,5,95,7
29,6,3,6.2,8.79,3.6,4.7,4.85,60,24
29,9,7,9.41,7.2,8.41,1.15,8.37,95,17
29,20,1,6.87,8.03,8.12,1.55,3.59,50,11
29,37,3,7.09,6.35,6.43,4.86,3.48,25,29
29,47,8,3.91,6.95,6.87,2.91,2.1,27,9
29,11,9,9.36,3.99,5.19,3.33,1.25,60,2
29,19,4,2.57,3.66,6.97,9.01,6.19,24,21
30,40,7,7.56,8.02,2.06,4.21,3.29,54,23
30,10,3,9.09,5.98,8.31,9.9,3.03,72,23
30,30,7,1.73,8.47,9.79,1.59,9.02,67,1
30,11,1,4.62,7.05,7.14,6.69,2.15,91,12
30,50,7,8.86,5.5,7.57,1.23,3.56,52,15
30,2,3,3.03,5.96,5.71,3.5,7.94,56,19
30,48,7,3.1,6.74,8.38,7.2,3.27,42,28
30,26,8,6.25,7.57,4.28,2.71,7.32,12,11
30,17,5,3.84,1.51,7.9,7.08,4.56,49,7
30,9,6,5.95,8.11,3.86,8.34,5.2,97,4
31,39,9,4.57,3.67,2.29,6.36,1.73,48,14
31,13,9,8.46,1.72,5.29,8.05,3.49,71,29
31,44,10,9.74,2.59,7.5,5.65,6.23,30,25
31,19,5,8.07,6.56,4.08,3.04,6.1,15,2
31,14,6,2.14,2.7,5.13,8.52,2.77,11,4
31,43,1,5.53,1.61,2.96,5.01,1.13,16,14
31,5,3,6.63,6.14,2.66,7.87,5.71,74,27
31,8,7,4.98,2.47,2.66,1.46,4.58,77,29
31,47,8,8.55,2.31,5.55,6.16,6.09,9,28
31,9,9,9.26,8,8.4,5.06,3.97,80,14
32,10,2,3.99,8.03,4.93,8.59,3.92,26,14
32,39,8,4.59,4.69,9.8,4.01,7.58,92,28
32,47,4,8.8,1.54,7.23,5.94,4.62,87,28
32,50,3,4.56,2.2,2.43,9.16,9.92,65,6
32,11,7,5.35,4.77,4.22,2.45,5.25,23,27
32,48,8,7.68,1.23,4.19,3.35,7.25,57,21
32,29,1,2.2,3.35,4.77,3.59,1.06,6,11
32,22,6,1.22,6.26,9.47,1.82,6.63,88,13
32,34,4,3.48,5.45,2.1,6.64,8.28,25,16
32,31,1,3.95,2.48,2.63,4.92,6.35,21,26
33,7,8,4.75,4.21,9.21,7.12,9.39,40,7
33,22,10,8.04,7.89,7.22,2.18,7.05,13,26
33,1,7,5.54,3.81,4.85,3.09,4.65,83,15
33,46,8,8.43,8.16,3.91,6.92,6.77,30,19
33,6,6,1.98,3.24,3.85,3.72,8.73,27,10
33,21,6,7.21,9.51,7.14,6.81,5.6,98,28
33,12,3,9.57,3.96,6.96,9.51,3.82,59,7
33,11,8,7.1,3.27,8.86,7.46,5.28,71,12
33,29,10,5.94,2.7,7.48,5.15,8.46,96,3
33,14,4,5.22,7.35,9.3,2.25,6.51,78,18
34,37,1,3.49,1.41,9.38,3.8,8.61,69,20
34,33,8,5.31,8.76,1.95,3.53,8.4,29,6
34,35,2,7.51,3.09,7.35,1.66,7.7,33,28
34,38,4,9.26,1.97,3.09,6.62,1.73,54,13
34,16,7,8.34,8.9,7.96,5.81,1.34,71,24
34,20,8,3.52,8.04,8.98,3.4,5.81,9,27
34,10,3,2.1,1.16,9.14,9.56,2.23,47,7
34,45,9,3.62,4.76,4.39,5.44,3.97,98,1
34,43,2,3.68,3.68,3.88,2.1,6.71,19,25
34,11,1,8.39,5.9,1.7,8.74,2.52,61,22
35,33,2,7.87,1.98,9.83,4.08,6.65,87,29
35,30,9,9.26,8.99,6.63,4.01,3.82,96,6
35,8,10,6.37,8.33,4.44,3.14,3.7,64,12
35,24,1,2.74,5.24,5.25,4.72,2.79,60,22
35,3,10,7.53,4.24,1.78,2.86,5.9,88,5
35,28,9,3.21,8.31,4.09,6.23,7.43,85,21
35,40,8,1.73,8.89,7.56,2.81,9.01,29,4
35,11,8,6.38,8.93,1.45,3.04,7.7,52,26
35,21,1,5,5.4,4.16,7.86,8.31,63,3
35,27,10,4.27,8.15,9.47,8.25,8.61,62,1
36,44,7,4.49,2.25,7.64,5.43,7.31,78,16
36,32,6,5.48,2.61,1.97,3.93,2.73,96,16
36,9,5,1.79,7.99,8.63,2.49,7.36,37,9
36,47,6,2.91,1.37,3.9,7,4.92,14,23
36,18,6,5.75,3.33,1.48,3.72,5.79,12,7
36,35,10,7.41,9.09,6.24,7.49,2.65,51,11
36,21,9,4.67,3.52,2.23,3.32,7.97,76,29
36,15,2,3.49,6.02,4.12,5.52,3.95,38,6
36,27,6,4.03,9.28,1.11,5.37,1.77,72,21
36,5,7,5.35,4.86,1.67,3.16,2.75,52,10
37,37,9,5.37,9.22,6.49,4.09,8.67,58,26
37,16,2,4.39,6.43,1.72,6.18,2.14,40,28
37,44,5,5.84,2.73,7.47,8.6,5.29,7,8
37,26,4,7.81,5.27,3.03,3.94,5.22,91,7
37,19,4,8.55,8.28,3.86,3.72,1.34,9,12
37,25,6,6.59,2.09,9.79,5.39,8.32,75,10
37,6,1,2.94,6.65,9.31,3.12,3.79,93,19
37,14,6,9.85,6.78,7.46,8.22,4.91,61,21
37,43,9,3.94,7.81,4.54,7.68,3.05,76,20
37,36,1,2.51,4.19,4.6,8.96,2.37,49,6
38,8,7,1.09,1.68,4.38,5.11,3.96,69,26
38,21,3,5.69,2.12,9.65,1.71,1.42,58,25
38,50,8,4.86,1.24,8.05,9.04,4.9,49,4
38,41,6,9.18,8.07,5.39,9.38,1.45,54,25
38,19,2,3.92,9.57,8.41,8.39,4.53,40,3
38,11,6,1.58,1.67,2.04,7.42,4.54,77,17
38,10,2,9.44,7.12,6.13,8.09,1.22,2,4
38,6,7,8.8,9.6,3.13,1.5,2.16,30,12
38,33,3,1.93,3.66,1.82,8.67,8.35,23,17
38,35,9,8.04,5.36,8.15,8.29,3.14,49,13
39,45,2,1.06,7.87,5.63,6.77,8.08,71,9
39,25,7,5.46,1.07,5.43,4.56,7.18,70,18
39,21,3,9.44,7.09,2.07,2.98,3.29,66,4
39,43,1,3.44,7.84,7.5,2.25,8.8,24,27
39,10,9,3.73,7.45,4.23,1.82,7.72,13,27
39,26,8,3.09,6.72,9.94,2.58,8.8,22,15
39,37,3,8.34,9.86,9.19,1.94,6.12,13,24
39,1,8,4.88,6.12,1.02,7.5,2.57,10,10
39,40,7,3.67,9.37,2.12,5.02,5.99,39,17
39,13,7,1.96,7.98,8.27,6.8,8.51,37,17
40,4,4,5.18,8.1,6.43,1.67,3.01,39,6
40,1,4,8.4,6.82,6.83,9.84,9.21,84,3
40,11,2,1.58,6.33,8.43,8.06,9.52,76,4
40,25,6,9.22,9.83,6.96,7.3,3.76,26,8
40,40,1,1.11,2.26,7.44,5.45,8.82,27,6
40,17,6,8.55,8.89,3.19,1.92,9.2,63,21
40,14,2,4.08,5.92,1.82,2.68,2.69,37,22
40,8,8,2.12,5.73,1.99,5.87,3.56,91,24
40,32,3,3.34,8.55,7.44,7.2,3.55,58,14
40,3,5,6.58,1.7,5.62,6.42,3.9,53,2
41,31,2,3.65,4.19,6.08,3.39,9.06,48,15
41,19,7,3.01,5.91,7.16,5.22,1.64,30,22
41,6,10,5.62,1.97,4.81,8.56,5.9,68,4
41,14,9,4.29,3.06,2.96,1.92,2.55,17,16
41,7,1,2.47,7.23,7.07,7.18,3.19,84,2
41,21,5,8.35,5.04,5.4,6.16,1.89,32,10
41,5,10,7.64,3.28,1.61,6.7,7.49,15,6
41,28,4,6.64,2.31,8.41,4.65,6.36,64,6
41,50,10,3.43,8.38,9.99,6.97,9.69,37,8
41,29,6,9.9,4.1,1.56,2.92,8.04,90,25
42,8,8,1.26,6.79,3.49,2.55,6.6,98,25
42,20,4,7.46,6.98,4.09,9.51,6.69,27,19
42,17,7,7.72,2.31,8.9,4.45,2.6,72,5
42,28,5,6.2,6.38,7.65,1.48,7.31,30,26
42,42,10,4.97,2.18,3.62,1.01,6.35,41,8
42,40,10,9.23,4.02,9.57,5.89,2.16,71,8
42,41,5,5.02,8,2.98,9.34,7.39,34,3
42,19,10,9.86,7,3.57,9.69,2.57,5,3
42,36,4,7.99,7.06,6.53,3.98,3.23,48,24
42,47,7,8.2,8.61,6.72,9.33,4.3,49,19
43,11,7,6.81,1.15,9.64,1.13,6.1,99,2
43,15,10,1.12,5.88,5.14,7.16,5.53,32,26
43,42,3,6.83,2.55,8.85,9.66,5.67,5,2
43,39,9,8.23,8.36,9.81,7.78,2.19,50,20
43,24,10,8.71,1.89,1.82,2.16,7.48,50,13
43,34,4,1.87,3.47,3.88,4.47,4.76,69,28
43,16,10,7.3,7.83,1.95,9.43,5.62,81,26
43,33,3,8.17,4.07,8.25,5.99,6.29,32,29
43,48,6,8.15,5.38,4.01,9.54,3.75,90,29
43,49,1,1.32,3.91,5.9,5.03,9.69,17,9
44,48,1,8.08,5.59,3.7,4.38,7.81,26,12
44,41,4,4.69,9.4,6.74,4.25,1.98,29,11
44,30,2,1.25,4.63,9.94,2.56,7.52,56,28
44,19,5,7.71,9.96,6.99,1.14,7.57,69,4
44,11,9,9.88,1.5,2.28,1.49,8.53,98,6
44,49,4,6.15,3.98,7.51,1.99,4.51,30,17
44,35,8,2.22,2.31,7.28,9.44,7.23,24,1
44,43,9,9.6,6.5,1.01,3.36,7.91,42,28
44,21,2,8.1,7.14,9,9.38,1.94,98,8
44,45,10,2.36,8.19,7.37,1.95,6.65,4,10
45,22,2,1.46,8.77,4.07,7.04,6.98,93,1
45,35,7,7.98,6.6,6.46,8.23,5.58,1,11
45,50,5,1.92,5.82,1.77,9.68,7.46,54,20
45,27,7,7.32,4.35,1.16,6.68,2.47,8,22
45,6,8,4.27,6.41,8.64,7.56,3.85,33,28
45,17,5,3.83,1.76,7.17,1.69,4.84,8,10
45,2,3,7.14,8.84,3.14,3.41,4.79,78,7
45,47,4,9.1,6.98,1.95,8.25,8.43,7,22
45,1,1,3.41,9.99,2.58,7.98,5.02,90,8
45,46,7,2.88,8.64,9.15,3.31,8.21,15,8
46,33,3,5.7,1.21,4.72,2.87,2.85,17,15
46,4,9,7.62,8.18,3.42,4.03,6.28,62,5
46,47,9,3.41,6.32,7.49,5.64,7.97,20,5
46,2,6,3.42,1.19,7.51,5.85,9.72,33,27
46,46,2,9.97,4.87,3.88,6.54,4.65,38,20
46,50,1,9.53,5.38,7.32,3.35,9.52,63,23
46,26,6,9.72,7.43,9.32,5.75,2.14,19,3
46,30,3,9.73,2.01,3.42,2.47,3.49,10,7
46,44,1,9.69,2.18,4.35,8.02,2.81,97,7
46,16,9,1.76,8.27,7.94,7.15,1.47,80,1
47,32,9,1.78,6.03,5.53,4.01,5.7,84,1
47,14,1,1.48,7.79,9.6,2.65,6.19,5,4
47,36,6,4.48,4.78,6.06,8.93,1.7,16,14
47,44,8,5.53,6.96,9.21,4.94,4.06,13,1
47,23,9,5.09,3.71,4.46,3.45,2.06,28,12
47,25,8,5.8,6.37,4.29,2.05,2.16,70,4
47,27,10,6.45,1.51,7.06,6.31,4.8,72,19
47,1,6,8.02,7.9,9.75,4.11,7.69,71,11
47,18,2,9.53,1.62,5.11,4.66,7.1,15,3
47,10,3,1.81,5.48,3.37,9.03,4.88,15,18
48,9,3,3.78,7.25,1.15,5.89,1.65,59,10
48,35,10,8.23,6.06,7.67,8.28,3.65,30,24
48,3,9,4.66,8.66,8.19,3.05,4.05,9,9
48,41,10,8.71,4.74,1.8,3.62,7.95,37,7
48,31,1,6.18,8.08,1.16,5.27,1.04,74,24
48,28,9,2.6,9,4.98,8.11,6.75,10,1
48,10,3,4.67,3.59,6.02,1.01,5.05,6,23
48,17,1,6.38,6.42,1.58,6.04,5.68,79,8
48,37,5,8.83,6.72,2.48,7.63,5.08,82,10
48,6,1,5.34,5.53,3.84,9.45,8.25,48,1
49,25,10,9.69,2.94,8.3,7.08,4.65,48,18
49,7,8,9.42,4.27,4.51,3.6,6.27,82,25
49,36,10,5.63,3.98,8.54,4.61,8.7,17,19
49,38,6,3.94,6.65,3.48,1.65,9.18,19,26
49,22,7,7.44,3.83,3.76,4.85,7.6,32,22
49,26,9,5.3,2.63,5.37,1.09,1.68,4,3
49,40,6,1.96,8.58,5.35,5.29,8.51,14,2
49,33,10,2.04,8.21,5.76,8.73,6.66,3,3
49,19,4,8.22,8.66,5.35,2.81,2.94,47,14
49,49,4,9.2,6.54,4.71,2.89,6.09,68,11
50,33,1,9.72,9.4,8.84,9.13,8.65,79,7
50,21,6,6.78,8.65,3.63,4.18,2.19,83,2
50,35,8,4.17,3.93,5.25,8.24,4.32,61,15
50,44,6,2.44,9.07,4.64,8.39,3.13,57,27
50,29,7,7.21,4.48,4.11,7.08,3.24,73,26
50,6,2,7.38,1.19,1.33,9.05,3.05,65,18
50,7,8,4.62,1.69,7.59,1.08,8.28,20,9
50,45,2,9.97,2.38,8.77,5.55,1.16,50,25
50,5,1,8.16,2.22,5.03,5.21,3.46,94,18
50,49,1,4.64,5.14,1.14,6.7,5.05,15,19
51,47,6,3.36,1.6,1.25,4.74,7.48,67,18
51,18,4,8.09,3.8,3.94,2.02,7.96,40,12
51,3,10,1.74,7.89,1.63,7.77,9.2,72,6
51,34,6,7.65,8.8,6.64,9.51,2.19,64,20
51,43,3,6.63,9.02,5.55,6.9,3.15,85,22
51,39,3,5.66,5.16,3.83,4.7,6.66,51,9
51,25,6,7.81,3.48,9.14,8.27,4.21,24,26
51,16,8,5.1,4.58,3.92,3.83,5.37,25,3
51,7,9,5.52,6.45,6.04,2.59,8.31,68,9
51,6,8,3.39,7.61,6.72,9.24,3.64,5,23
52,47,8,8.02,1.2,6.4,1.5,5.32,79,26
52,37,9,9.23,3.39,9.14,1.45,1.39,21,13
52,33,6,8.35,4.68,3.94,1.44,5.03,47,26
52,21,2,2.33,1.27,1.65,7.87,9.93,33,6
52,2,1,5.75,8.42,8.71,5.99,4.07,88,6
52,8,1,2.45,9.8,2.43,6.75,2.16,60,14
52,20,4,3.31,7.43,5.32,4.98,7.94,11,23
52,43,6,6.46,2.08,3.89,6.47,4.62,15,19
52,3,10,3.13,1.88,6.19,1.51,1.73,85,10
52,19,4,6.89,5.8,9.5,5.4,5.61,30,3
53,18,3,4.88,2.57,9.88,3.93,1.85,80,11
53,14,7,6.85,1.22,8.29,1.55,2.46,90,6
53,45,2,6.63,2.35,5.22,5.62,5.46,88,23
53,38,10,4.9,4.2,5.65,8.78,3.69,44,10
53,29,10,6.88,2.34,5.99,1.5,8.99,23,18
53,31,5,4.88,8.36,8.59,1.05,1.32,93,26
53,25,2,6.8,4.06,7.37,6.86,2.05,85,26
53,3,6,6.44,8.84,9.99,3.03,3.31,49,22
53,15,1,4.45,8.53,6.86,8.36,1.35,80,25
53,7,4,7.01,1.11,8.84,2.24,4.96,87,13
54,43,10,6.04,7.56,4.19,5.93,6.76,71,16
54,17,9,3.02,5.5,8.56,4.16,4.64,9,25
54,35,3,6.32,9.9,2.5,3.27,8.47,3,23
54,29,8,6.96,5.18,6.68,5.57,5.76,90,24
54,11,7,7.49,5.5,9.05,8.39,1.34,19,20
54,48,4,6.23,7.43,9.25,4.55,1.01,73,27
54,9,8,3,8.42,6.48,1.43,8.65,49,18
54,12,8,1.11,9.98,3.53,6.22,9.14,18,29
54,20,6,8.25,6.42,3.66,5.26,1.35,29,16
54,14,9,2.71,7.09,1.83,7.13,4.36,9,9
55,15,6,3.5,6.79,7.24,7.93,6.05,72,11
55,42,10,9.41,5.7,3.62,2.55,6.22,15,8
55,19,7,3.45,2.52,6.59,7.65,2.27,3,4
55,12,9,5.16,8.6,9.08,1.9,1.3,87,14
55,7,6,7.86,5.84,8.57,3.13,5.03,95,5
55,35,10,2.28,6.76,1.49,1.99,6.1,66,8
55,6,1,9.4,5.88,5.75,8.29,1.79,70,21
55,41,3,6.99,1.71,6.43,3.71,5.17,41,2
55,21,2,9.29,2.16,5.01,5.67,6.09,46,22
55,28,6,6.04,1.13,1.73,8.8,9.84,50,22
56,43,5,9.88,3.84,2.04,8.69,3.31,99,26
56,34,3,1.93,4.88,3.07,9.46,9.15,63,18
56,21,7,7.55,5.06,8.71,6.05,1.86,32,20
56,44,6,8.89,2.42,5.1,4.45,8.82,62,3
56,26,2,7.12,8.58,3.06,9.22,2.07,42,9
56,20,8,5.61,2.22,6.14,8.94,4.68,95,16
56,18,9,3.85,9.76,2.74,1.08,8.55,7,9
56,30,2,4.92,3.02,4.5,1.84,5.61,99,13
56,16,2,3.85,4.6,2.35,4.97,5.42,28,7
56,33,5,8.96,6.19,2.99,1.4,9.93,88,16
57,45,8,4.27,6.77,9.11,2.27,6.62,74,23
57,48,4,2.54,1.71,7.24,9.22,8.92,71,11
57,2,4,3.83,2.16,5.22,3.47,1.3,26,19
57,46,3,3.33,1.17,1.32,4.7,1.17,77,15
57,10,3,7.19,2.98,4.95,5.08,8.13,29,9
57,34,2,6.04,9.65,6.65,7.35,7.62,82,10
57,24,10,1.92,4.64,1.56,7.07,1.51,78,4
57,36,3,5.7,4.61,3.7,7.51,2.86,23,3
57,30,4,7.71,2.92,1.1,1.54,6.5,93,25
57,6,3,3.44,8.7,4.12,3.41,1.37,15,19
58,37,10,5.37,3.82,2.28,7.15,6.95,97,23
58,18,4,3.16,4.35,3.07,3.88,9.22,74,29
58,3,4,8.35,9.89,4.5,6.44,2.79,66,26
58,36,10,3.75,9.76,6.97,7.58,3.18,16,22
58,42,7,6.66,2.06,6.89,2.14,9.4,61,4
58,33,2,6.05,5.28,8.12,6.54,7.22,27,10
58,14,3,1.33,5.96,7.38,8.03,4.29,59,19
58,29,8,9.06,1.95,7.36,2.14,7.1,59,21
58,41,1,5.33,4.39,4.27,4.93,2.75,68,28
58,38,3,3.69,6.74,3.59,1.36,1.85,55,25
59,23,10,8.24,2.47,3.24,6.23,9.78,79,22
59,30,8,5.07,8.17,6.31,7.32,8.13,4,22
59,34,2,7.1,1.22,4.71,2.95,6.32,63,3
59,15,2,2.84,3.22,9.96,2.17,3.95,56,27
59,9,3,1.13,6.91,4.29,4.08,1.97,71,29
59,49,4,7.68,5.59,4.8,4.02,9.78,16,19
59,28,3,8.63,4.97,1.16,9.72,7.24,92,24
59,19,10,6.56,6.8,1.26,3.33,7.38,47,5
59,20,6,9.94,7.82,8.14,6.76,8.74,67,26
59,25,9,7.72,8.72,5.45,2.85,4.97,94,21
60,32,4,1.09,6.64,7.34,8.77,5.04,51,1
60,22,9,7.69,6.23,4.49,6.18,4.81,18,13
60,41,7,8.67,3.32,5.42,6.36,1.81,7,13
60,45,3,7.44,8.09,7.34,8.73,9.61,53,22
60,34,10,4.21,8.49,8.66,1.01,5.71,68,19
60,20,10,1.43,7.98,6.14,6.15,3.28,96,26
60,13,10,3.78,2.05,9.87,2.79,6.29,8,25
60,19,4,1.2,6.77,4.73,6.89,4.75,61,12
60,43,8,3.79,3.18,3.51,7.58,9.26,56,24
60,37,3,8.59,2.83,7.69,5.79,6.75,94,21
61,35,3,3.78,3.53,9.75,1,6.37,22,24
61,21,3,6.87,7.41,7.19,9.6,9.31,20,15
61,3,7,2.41,4.84,5.84,8.03,7.12,25,7
61,39,1,4.66,6.19,2.37,9.6,7.61,97,24
61,48,8,6.93,4.58,5.62,4.49,1.86,15,29
61,19,1,4.72,4.65,7.12,7.95,8.45,53,20
61,42,9,8.94,5.37,5.88,5.03,3.47,80,9
61,10,2,3.53,9.99,3.41,3.65,2.94,82,19
61,2,1,8.24,2.24,7.98,3.79,2.31,4,24
61,45,5,1.6,4.3,4.62,7.78,8.41,72,12
62,24,2,3.75,9.34,6.3,7.91,9.65,44,14
62,21,4,5.83,2.83,2.4,4.71,1.32,8,14
62,17,7,3.27,8.3,9.52,2.93,1.54,80,10
62,37,3,2.29,1.08,8.27,4.03,6.27,4,22
62,45,7,2.69,4.85,6.92,5.67,6.45,67,7
62,4,9,8.46,3.91,3.14,7.7,5.53,94,11
62,9,2,6.98,4.84,9,7.22,8.95,89,4
62,5,2,2.98,4.5,8.79,2.93,4.2,60,11
62,22,10,3.27,5.09,4.47,1.72,1.81,85,15
62,39,2,7.61,1.28,6.56,9.38,7.37,44,5
63,37,5,2.02,4.07,9.68,4.21,3.91,66,20
63,33,10,5.29,7.87,3.32,7.18,8.57,14,5
63,20,7,4.62,8.61,4.12,6.28,4.22,32,16
63,2,8,9.94,2.14,1.65,6.85,3.96,70,24
63,24,3,4.7,7.48,5.6,5.53,6.26,30,21
63,47,2,6.04,1.08,1.74,5.61,9.93,32,21
63,46,6,5.47,2.3,9.28,4.78,6.47,46,9
63,49,10,8.52,8.06,8.42,2.81,5.07,29,23
63,18,2,1.04,9.32,2.01,4.36,2.93,89,1
63,11,10,1.07,1.55,4.86,4.56,2.57,56,12
64,18,7,2.54,7.01,6.49,9.04,4.5,34,12
64,47,9,8.77,9.36,3.73,9.38,3.21,84,1
64,22,8,7.86,7.96,8.88,2.93,4.07,15,27
64,34,5,6.01,6.95,6.33,1.6,2.05,93,15
64,3,4,2.51,7.24,6.81,3.36,7.84,80,10
64,50,3,9.48,8.36,6.29,4.06,5.29,16,12
64,40,1,4.37,6.07,1.43,7.21,8.67,70,17
64,37,9,5.48,6.22,3.58,1.47,3.28,27,6
64,32,3,6.93,3.45,8.84,5.66,4.44,68,24
64,15,7,4.13,7.39,4.28,7.48,1.97,81,22
65,29,2,3.4,5.63,1.96,7.47,5.71,79,1
65,50,6,5.23,3.98,7.79,4.59,9.82,96,19
65,49,2,1.92,6.41,8.86,9.2,8.33,22,4
65,27,3,2.12,2.7,4.16,4.9,5.44,60,23
65,4,7,3.15,1.38,6.62,6.8,5.96,47,2
65,20,1,8.92,9.65,9.04,7.2,9.45,81,17
65,42,4,3.27,6.28,8.16,4.24,9.45,74,26
65,43,2,2.53,6.7,4.78,8.51,8.06,42,12
65,19,1,6.77,3.79,6.91,3.16,6.01,70,18
65,31,8,2.97,5.47,3.49,2.19,3.39,5,24
66,39,10,9.48,1.58,4.62,5.83,9.2,40,22
66,21,10,6.3,5.79,3.4,4.62,9.01,12,27
66,18,3,2.1,9.35,5.09,1.17,1.9,27,21
66,32,3,5.62,2.25,3.13,3.42,5.81,91,8
66,22,3,7.82,4.21,9.91,7.95,4.91,10,15
66,11,5,9.62,3.86,2.98,3.02,1.69,56,9
66,2,6,9.04,5.62,8.43,8.57,6.79,4,12
66,23,2,5.61,5.94,5.84,9.12,8.88,67,16
66,33,5,8.62,5.55,7.73,7.59,2.48,68,5
66,47,1,4.31,6,1.9,6.84,7.53,18,27
67,12,10,7.18,5.68,8.47,3.56,5.55,66,14
67,23,7,2.73,1.45,8.86,7.26,4.69,82,13
67,13,9,6.2,4.38,5.81,3.39,5.16,71,21
67,41,7,1.85,6.7,3.58,2.16,5.74,83,10
67,46,1,3.81,1.11,1.86,6.37,1.78,54,25
67,19,7,5.21,1.64,6.38,5.66,9.32,71,2
67,39,9,7.99,3.57,8.6,8.41,2.7,57,25
67,34,6,7.53,3.07,1.01,1.94,3.14,23,20
67,35,9,6.06,2.21,2.36,3.55,4.94,60,29
67,37,5,3.74,9.91,1.68,5.02,5.12,9,19
68,31,2,9.55,9.82,5.91,1.23,1.35,67,5
68,19,2,7.28,6.61,2.7,5.76,4.56,13,12
68,32,6,1.67,5.15,9.02,9.54,1.7,52,13
68,36,1,4.97,6.71,7.97,2.68,4.11,92,12
68,34,5,2.31,1.3,5.23,9.52,7.6,30,2
68,44,10,3.48,5.56,8.08,6.24,3.24,94,27
68,2,10,8.59,5.41,3.8,2.86,7.19,22,10
68,26,10,2.41,9.58,4.65,2.38,4.79,60,24
68,27,6,7.9,6.94,5.01,7.37,2.38,30,26
68,43,8,2.69,9.19,5.68,5.41,4.22,79,18
69,12,7,4.39,7.05,8.04,2.81,3.59,8,12
69,29,5,9.3,4.36,9.12,3.43,4.6,36,27
69,44,6,2.06,1.51,4.71,6.2,5.64,83,13
69,25,5,4.82,2.27,5.62,3.93,7.49,4,25
69,48,3,5.06,3.57,3.68,9.7,4.95,13,15
69,9,10,5.97,3.08,7.69,8.03,2.94,52,24
69,18,6,9.69,9.47,8.79,2.96,6.83,58,13
69,23,5,7.61,1.66,6.66,5.67,8.01,72,14
69,50,8,5.99,6.18,2.18,8.58,3.82,6,19
69,6,5,6.6,4.56,7.91,5.66,8.49,63,10
70,46,1,9.15,1.37,4.88,6.93,6.82,72,1
70,18,4,5.66,1.13,3.38,9.33,6.81,63,3
70,43,8,2.18,7.08,6.04,6.63,9.88,43,25
70,50,10,8.9,7.88,1.2,6.84,7.49,85,22
70,49,4,8.94,6.17,4.58,3.24,7.47,5,10
70,26,1,8.1,4.23,2.07,4.68,8.41,63,12
70,32,9,4.31,6.32,5.53,1.5,6.17,47,15
70,34,2,6.04,3.99,2.39,9.4,8.25,37,14
70,5,8,7.92,2.85,7.41,3.35,5.47,92,26
70,24,2,6.17,8.4,6.06,7.43,4.33,31,20
71,15,9,5.79,1.83,5.01,9.04,8.41,33,7
71,32,7,1.98,5.26,7.09,9.45,1.49,56,24
71,11,8,3.98,3.43,5.6,7.05,4.48,84,10
71,4,7,7,3.11,6.29,5.95,5.43,28,21
71,35,2,7.75,2.22,1.6,1.54,4.99,20,2
71,7,6,9.56,6.71,4.19,9.19,8.83,48,3
71,5,7,5.05,3.93,5.24,8.72,9.08,50,25
71,30,7,4.36,4,2.59,8.79,1.29,81,19
71,31,4,6.38,5.41,1.29,6.04,4.86,94,10
71,1,7,9.18,1.07,7.62,9.04,6.89,22,25
72,29,6,8.9,7.69,9.1,2.73,1.78,4,22
72,46,4,6.7,6.2,3.33,4.13,7.47,95,14
72,42,1,4.75,7.82,3.04,4.35,8.62,52,1
72,34,1,3.72,3.42,5.79,4.67,2.9,20,22
72,9,9,7.08,6.7,5.16,1.22,6.63,66,7
72,37,6,9.24,9.62,1.09,6.79,1.14,13,24
72,12,6,6.81,4.91,2.81,2.11,5.38,57,24
72,15,8,3.77,3.59,9.24,1.64,9.05,50,27
72,18,5,9,3.16,3.52,4.75,3.06,16,3
72,36,3,5.98,6.54,5.27,2.13,4.77,1,2
73,39,6,7.13,9.08,9.02,5.52,2.5,29,18
73,27,3,3.14,8.88,8.81,7.05,6.47,65,12
73,36,3,8.2,6.23,7.96,3.47,5.91,29,12
73,12,6,5.59,2.17,7.75,9.38,3.9,24,21
73,47,9,1.11,6.29,5.51,7.13,7.12,97,13
73,37,4,1.38,5.24,4.58,4.46,4.89,69,26
73,34,10,6.26,1.44,6.43,9.97,5.1,26,20
73,44,9,7.42,2.48,9.6,6.92,8.95,12,22
73,32,7,8.87,4.23,1.41,8.39,2.15,70,26
73,14,9,9.17,3.12,9.17,3.53,9.58,49,21
74,5,9,1.65,8.08,4.39,8.92,8.99,35,8
74,27,6,5.03,4.12,4.04,9.74,5.99,15,12
74,11,3,2.61,5.62,8.33,7.37,3.29,43,21
74,20,5,9.78,8.81,9.04,6.82,5.91,98,10
74,3,8,4.81,6.64,3.58,4.59,6.81,75,18
74,47,2,2.59,8.78,6.07,3.66,2.74,45,2
74,7,4,6.03,2.69,5.03,8.03,8.56,59,11
74,29,5,3.67,9.01,9.99,6.94,7.6,59,7
74,17,7,8.4,9.38,6.61,3.39,3.3,89,24
74,22,9,1.01,6.4,3.56,3.61,3.43,54,29
75,24,10,5.76,6.31,3.68,1.24,7.65,23,15
75,23,9,8.94,6.76,1.6,2.5,7.29,79,7
75,29,8,6.02,8.75,3.02,9.93,1.81,85,18
75,6,5,8.81,1.39,6.17,3.72,8.16,21,17
75,15,9,6.33,8.38,8.43,3.8,3.89,63,21
75,4,3,2.43,4.92,4.62,7.75,5.59,27,14
75,41,2,2.06,9.62,1.82,7.35,8.65,79,13
75,45,2,4.09,5.14,2.73,5.04,6.88,48,6
75,2,7,9.05,1.09,7.1,3.89,3.02,94,6
75,12,10,3.29,8.74,7.3,1.82,5.27,45,10
76,40,2,9.05,5.28,9.51,9.02,8.63,50,27
76,39,7,8.44,8.6,6.12,4.89,5.85,26,29
76,49,10,1.43,8.94,5,1.03,3.21,9,22
76,21,9,2.94,2.84,2.63,8.88,6.53,39,8
76,11,9,9.59,3.23,7.58,5.1,1.64,18,24
76,50,2,9.6,2.74,8.94,5.3,7.55,89,4
76,44,3,2.49,9.84,1.87,5.84,6.96,47,7
76,6,2,7.86,9.75,1.34,1.1,3.18,78,26
76,10,4,8.99,7.24,4.55,2.59,6.71,9,16
76,38,7,6.49,4.28,2.89,3.02,2.76,62,27
77,15,6,7.01,8.26,2.48,3.81,5.34,9,11
77,11,10,6.69,3.09,9.08,4.9,4.39,40,11
77,4,1,7.04,3.27,1.17,4.7,5.73,11,10
77,3,2,1.58,2.49,3.71,3.89,4.21,35,22
77,18,3,2.4,7.5,7.5,4.67,1.96,9,16
77,25,4,4.09,2.66,1.96,1.54,9.66,46,16
77,12,7,9.01,6.86,5.28,8.82,3.62,94,22
77,20,2,9.44,1.48,5.51,8.14,3.53,75,5
77,31,4,8.33,6.45,9.55,5.56,1.77,82,19
77,2,8,4.32,1.59,6.6,9.19,3.74,83,13
78,37,8,3.65,3.29,6.58,1.73,6.79,15,16
78,8,2,1.09,5.33,4.73,8.25,3.07,61,20
78,3,8,7.98,4.9,2.73,1.23,1.18,42,21
78,27,7,3.88,4.06,7.12,3,10,92,28
78,28,9,8.87,8.73,4.63,8.68,3.84,5,20
78,25,10,9.22,1.83,7.5,4.7,2.43,36,26
78,47,4,3.85,7.34,3.28,3.7,4.6,95,8
78,11,9,3.28,8.21,1.63,6.37,8.52,72,15
78,23,3,9.02,6.29,9.26,3,5.9,10,11
78,5,3,9.94,1.83,3.17,5.2,8.75,29,10
79,43,8,2.5,7.46,7.79,8.32,1.3,25,21
79,46,2,5.79,3.41,9.2,3.7,5.78,36,19
79,49,3,3.97,4.43,6.56,9.14,6.04,28,23
79,18,9,7.61,5.24,2.9,6.3,1.1,51,4
79,29,8,7.9,4.26,7.61,5.79,3.63,97,16
79,48,4,9.58,4.81,2.55,9.42,9.55,21,15
79,35,3,1.16,7.5,8.52,8.66,7.98,56,11
79,11,6,6.07,2.46,3.79,9.87,7.9,23,28
79,16,5,6.58,2.33,2.44,8.31,2.46,43,12
79,17,5,9.49,2.62,6.96,3.92,8.51,96,10
80,3,1,7.8,9.11,9.24,1.22,4.45,53,12
80,35,5,8.51,3.65,1.51,9.39,3.57,61,18
80,49,6,7.27,3.44,3.67,6.73,4.54,91,17
80,50,3,1.28,5.15,5.16,1.17,5.52,9,28
80,28,6,5.27,4.16,4.25,7.46,9.07,39,7
80,37,1,4.29,8.46,4.6,5.91,4.04,30,15
80,42,5,9.39,3.38,2.35,2.02,2.25,45,29
80,7,3,7.89,1.62,2.33,6.7,3,58,7
80,18,4,7.36,6.29,3.86,1.38,1.1,9,17
80,2,1,4.13,2.05,1.35,3.54,3.66,49,8
81,5,6,7.52,2.67,9.68,1.17,2.15,91,7
81,13,10,7.92,4.86,7.83,7.56,4.78,48,1
81,29,8,9.4,3.18,8.18,5.05,7.7,29,12
81,19,2,3.82,4.43,1.17,3.82,6.38,31,2
81,38,10,6.87,6.51,8.09,7.19,3.91,40,25
81,7,2,8.51,1.48,8.63,9.01,8.61,10,26
81,9,9,7.08,1.79,7.15,3.62,3.4,85,10
81,50,4,7.25,1.72,6.35,4.33,5.04,84,9
81,46,1,8.36,5.57,5.46,8.07,3.67,5,2
81,24,8,8.48,9.06,4.73,2.57,6.6,39,9
82,24,4,5.34,9.46,3.64,5.91,5.92,51,1
82,41,5,3.78,8.96,7.09,8.56,8.95,33,26
82,37,7,1.38,6.38,8.69,6.65,4.38,36,29
82,2,10,7.17,1.16,2.95,7.81,2,56,24
82,8,1,9.74,1.75,9.11,8.66,9.16,39,20
82,18,4,1.92,1.66,5.16,1.39,2.1,26,17
82,29,7,8.58,5.17,7.85,4.04,5.41,96,15
82,22,3,2.11,1.76,1.42,6.34,2.69,47,21
82,5,7,7.52,4.3,1.33,9.53,6.15,14,3
82,49,7,4.2,7.66,5.59,8.77,5.73,40,29
83,40,9,6.61,5.34,4.61,4.91,7.55,88,10
83,35,10,4.63,1.15,8.33,1.67,2.57,68,21
83,25,1,9.99,4.35,3.69,6.67,8.16,45,28
83,44,4,8.5,7.19,1.19,3.1,9.15,50,2
83,46,1,6.21,4.28,1.72,7.74,3.54,25,6
83,24,9,3.96,6.88,3.52,9.35,3.35,29,19
83,38,5,2.19,5.46,1.96,6.72,9.55,82,24
83,20,2,8.71,2.06,7.21,4.62,1.68,98,21
83,12,10,7.78,7.85,1.54,2.74,8.4,91,10
83,29,2,5.47,4.67,7.29,3.47,8.91,25,24
84,10,10,2.76,1.38,2.44,3.75,9.78,92,12
84,26,1,7.65,6.94,3.06,7.03,7.59,59,3
84,14,10,7.06,9.97,8.02,7,9.06,38,29
84,50,8,1.27,1.95,9.69,2.46,3.16,66,13
84,25,4,6.13,1.83,4.87,2.7,8.25,47,26
84,12,6,1.38,5.09,8.21,5.8,1.9,7,5
84,29,9,1.88,6.54,4.91,4.25,6.63,15,3
84,43,8,3.59,9,8.93,2.08,5.79,92,11
84,5,9,9.2,1.13,8.28,2.17,1.73,23,29
84,46,10,9.88,4.58,3.99,9.43,8.23,15,17
85,38,5,7.5,8.96,6.54,1.43,6.1,87,2
85,29,7,3.86,2.59,1.92,3.91,8.71,55,24
85,2,1,8.34,7.17,4.96,5.66,7.34,74,14
85,14,1,3.35,7.76,4.33,3.95,2.23,86,18
85,28,3,8.6,8.6,3.96,4.24,1.41,69,5
85,6,4,9.08,8.14,5.92,4.99,3.21,66,25
85,8,2,5.03,9.25,5.21,1.03,5.79,8,22
85,30,7,3.48,2.58,7.97,2.4,9.64,13,22
85,50,8,9.88,5.94,1.64,7.12,7.48,90,3
85,19,10,8.83,5.04,9.81,8.97,8.63,9,1
86,25,8,3.97,6.85,7.81,8.3,4.93,26,27
86,10,6,8.14,6.21,6.82,3.98,9.8,7,1
86,37,6,2.34,9.62,4.64,5.93,1.22,40,22
86,50,1,1.47,2.9,1.67,6.1,6.51,46,13
86,35,3,2.23,8.64,6.55,8.86,7.68,95,21
86,9,1,2.02,4.88,7.18,4.94,9.71,96,20
86,20,7,7.36,9.06,3.13,4.82,8.54,75,6
86,8,3,4.01,5.66,3.04,2.86,8.16,22,4
86,27,8,8.91,8.52,3.07,6.54,1.91,10,12
86,4,5,5.26,6.84,1.25,3.26,4.87,21,7
87,45,7,5.59,4.9,6.34,6.3,3.8,72,5
87,23,10,9.73,5.52,2.58,8.85,8.76,9,2
87,21,4,7.46,3.38,6.59,5.43,2.15,47,26
87,32,6,1.68,1.66,2.76,5.37,4.02,40,17
87,17,9,2.58,3.9,1.61,6.57,5.77,66,8
87,24,9,2.2,8.92,5.6,1.08,7.98,67,1
87,30,1,6.36,3.83,6.05,9.84,4.7,74,3
87,26,1,1.35,4.27,6.5,1.7,9.37,63,11
87,11,1,8.34,6.56,9.5,7.56,6.81,92,7
87,41,6,4.42,8.99,4.64,2.89,9.84,15,17
88,6,1,2.7,5.5,8.14,3.91,4.07,33,27
88,46,5,1.58,2.75,6.91,3.94,5.83,52,2
88,13,10,2.31,5.17,7.97,1.45,6.48,15,2
88,21,8,9.59,8.65,9.56,9.42,8.82,35,6
88,9,7,7.73,1.82,3.34,1.14,8.42,20,16
88,11,1,6.97,8.84,8.45,2.41,5.82,34,16
88,31,7,4.7,3.42,9.99,2.96,9.74,69,20
88,1,4,4.53,4.61,2.61,7.44,7.21,61,25
88,49,9,6.99,3.39,6.14,5.66,8.73,24,24
88,42,4,4.82,1.14,3.86,9.81,3.74,66,12
89,45,8,1.79,8.47,8.68,7.65,2.9,55,2
89,47,5,3.91,5.65,7.3,9.25,3.69,25,21
89,29,7,3.75,7.01,7.35,5.21,3.25,51,10
89,10,9,3.67,4.24,9.9,8.85,6.7,97,22
89,8,3,9.07,3.45,9.24,3.92,3.12,68,5
89,19,4,6.22,6.96,7.49,1.71,4.84,32,6
89,27,5,7.12,6.79,8.75,3.6,6.96,79,26
89,34,5,6.74,8.93,6.27,7.1,9.12,28,14
89,23,5,9.11,2.18,6.94,3.8,5.53,29,9
89,50,8,4.49,1.91,8.22,8.4,2.95,96,5
90,48,9,5.31,6.39,1.71,6.07,3.51,43,12
90,44,9,8.3,4.71,7.72,7.88,9.93,77,21
90,15,8,6.25,1.63,1.43,8.65,8.6,89,13
90,23,4,4.61,7.47,8.88,9.39,1.97,43,17
90,2,1,2.97,6.43,6.03,6.94,7.49,72,21
90,49,3,7.73,4.58,2.89,6.76,2.56,15,28
90,25,10,5.63,8.33,7.5,8.52,9.42,19,25
90,39,1,7.49,2.27,8.89,5.11,3.95,70,15
90,12,10,9.24,8.01,1.51,8.54,6.52,69,4
90,50,3,7.61,2.09,2.99,4.52,6.04,87,2
91,48,1,2.45,8.41,6.28,4.09,2.74,50,22
91,9,7,2.86,2.31,2.09,1.16,4.51,17,19
91,29,3,7.22,5.69,9.79,5.42,2.75,1,13
91,47,4,4.91,6.03,1.52,8.35,8.42,88,29
91,12,6,7.75,6.5,1.91,9.96,2.61,46,15
91,36,10,2.32,5.96,2.3,2.76,7.88,50,20
91,19,10,4.17,2.56,4.36,6.91,9.27,18,27
91,16,10,3.16,9.03,9.74,9.61,2.38,31,18
91,10,7,8.89,5.75,4.01,6.62,5.21,18,22
91,11,5,8.03,2.26,8.68,5.78,8.46,27,14
92,42,10,8.63,8.77,6.37,8.08,9.01,89,16
92,35,10,7.88,3.2,8.55,9.48,7.13,45,22
92,49,2,3.24,6.52,4.6,3.92,6.08,46,23
92,23,6,4.3,6.6,1.58,7.35,8.17,25,6
92,5,3,5.75,2.94,8.96,8.64,6.54,7,26
92,14,10,6.13,5.8,5.07,2.63,6.83,2,23
92,32,3,9.74,8.95,9.51,2.16,6.7,96,6
92,7,9,1.47,3.64,9.29,4.99,8.66,15,6
92,3,9,2.06,3.8,8.01,2,9.28,1,2
92,45,4,9.91,5.34,6.15,8.31,2.75,62,26
93,38,9,9.58,8.56,4.83,6.04,9.83,46,21
93,16,8,9.99,6.21,1.38,1.29,8.39,41,22
93,27,4,7.37,9.77,3.1,4.43,5.56,21,17
93,49,10,5.9,9.55,6.63,8.55,9.5,76,26
93,39,3,1.89,7.82,6.37,9.78,8.76,99,13
93,40,9,2.93,9.8,1.47,8.42,7.9,49,29
93,41,6,9.18,9.73,2.56,1.82,4.93,48,10
93,47,4,6.89,7.16,9.39,9.2,5.51,52,18
93,23,7,9.32,8.63,4.39,3.37,7.39,68,6
93,48,8,9.58,3.54,4.44,7.54,9.5,87,16
94,32,9,4.29,4.57,8.39,9.7,2.38,67,5
94,48,1,1.9,3.76,5.51,2.98,6.85,14,13
94,34,9,2.71,9.34,1.29,6.99,8.56,17,16
94,21,10,8.84,1.05,4.49,3.25,3.8,84,6
94,33,2,7.54,2.87,4.9,4.46,7.61,49,9
94,47,1,4.59,4.05,4.93,3.45,5.57,8,8
94,20,2,2.9,3.39,1.85,2.68,7.72,19,19
94,46,6,9.63,1.19,7.65,2.51,3.94,73,15
94,30,7,9.39,6.41,2.29,4.18,4.38,84,5
94,8,8,8.91,4.64,3.62,2.03,5.94,90,14
95,20,7,6.87,1.35,2.65,8.02,9.29,6,5
95,5,6,1.5,8.29,9.86,3.66,2.78,82,14
95,12,5,6.8,1.18,7.52,8.85,3.68,91,26
95,37,2,4.35,3.86,6.59,8.31,5.29,93,26
95,7,2,8.71,3.09,8.25,9.46,4.02,34,18
95,31,1,3.78,6.47,2.67,1.57,3.97,64,1
95,50,9,5.94,5.33,1.41,6.93,4.29,65,26
95,17,1,8.95,2.66,8.56,1.33,2.27,6,5
95,6,5,8.91,7.79,9.4,7.21,8.83,10,13
95,3,9,6.04,2.83,9.13,2.82,4.49,40,18
96,34,9,4,5.24,1.24,4.86,8.78,72,16
96,25,3,8.03,9.92,5.78,4.94,8.7,50,9
96,29,4,4.38,9.35,1.85,3.03,6.91,68,2
96,48,2,9.37,7.19,3.88,2.75,2.45,23,25
96,50,8,9.35,3.32,3.43,2.16,8.72,73,7
96,24,3,1.54,3.86,9.92,9.72,9.86,30,5
96,12,5,8.51,3.74,5.22,9,2.97,52,5
96,4,3,4.13,2,7.34,1.47,2.28,60,13
96,10,8,4.57,6.26,7.64,8.33,9.59,7,24
96,2,10,7.47,6.51,3.57,6.33,1.9,2,28
97,7,2,2.2,5.4,7.72,1.16,1.3,49,27
97,26,6,8.86,8.11,7.06,8.85,4.76,9,3
97,21,8,5.89,6.2,7.35,7.07,1.94,70,16
97,16,2,2.67,4.2,4.04,9.71,2.3,37,10
97,50,9,5.92,6.01,7.51,8.68,2.98,54,13
97,15,10,8.89,4.99,3.56,2.48,1.23,3,14
97,41,6,6.03,4.36,9,9.47,8.65,19,7
97,43,2,2.61,6.16,9.85,5.41,1.36,62,15
97,33,2,1.77,9.52,3.63,9.51,7.41,97,11
97,5,8,1.99,6.04,3.22,4.72,2.36,30,13
98,20,2,3.95,8.38,2.66,5.34,1.5,17,25
98,12,5,5.4,1.24,7.37,9.04,3.31,65,27
98,34,1,1.97,7.27,2.87,3.3,3.67,46,16
98,19,7,8.06,9.37,7.81,9.44,9.94,15,28
98,46,4,7.71,9.8,6.35,1.33,6.37,9,26
98,3,5,4.89,5.75,3.46,4.82,8.65,31,22
98,9,10,2.65,9.56,8.58,9.49,2.91,66,28
98,29,6,9.02,1.07,8.35,7.05,4.88,23,16
98,40,3,2.99,1.25,9.82,1.23,7.55,69,26
98,41,3,2.32,2.26,6.25,3.57,8.83,33,8
99,7,2,2.11,3.29,8.32,5.64,4.39,2,25
99,21,3,7.39,6.24,2.78,5.72,7.83,17,21
99,28,6,1.43,3.22,2.29,1.35,1.32,28,6
99,18,9,1.63,9.82,6.55,7.87,4.86,82,13
99,31,2,1.84,2.9,3.15,4.85,5.79,80,11
99,49,1,8.08,9.67,7.37,6.82,4.16,23,11
99,30,10,1.31,7.92,7.5,7.86,5.68,92,3
99,2,4,7.84,6.85,4.55,7.86,1.9,88,21
99,35,9,7.14,8.57,2.19,1.28,2.81,15,4
99,50,4,9.24,5.48,4.59,1.81,6.87,23,8
100,8,5,5.04,4.89,5.97,1.9,9.41,38,20
100,37,8,3.39,3.97,5.94,6.06,5.19,89,17
100,36,10,9.69,5.63,5.26,9.68,3.92,64,1
100,46,5,2.62,4.13,9.38,6.34,2.09,83,18
100,22,8,2.32,9.73,7.57,6.18,1.98,97,5
100,16,8,7.25,7.47,6.06,9.06,7.29,2,4
100,4,6,1.14,3.6,6.77,5.37,4.8,24,22
100,47,3,7.75,1.64,5.21,2.13,5.08,47,15
100,34,7,7.21,2.03,6.91,4.73,4.9,72,2
100,25,6,3.84,1.54,7.18,7.35,5.84,91,9